{
  "Logistic Regression": {
    "accuracy": 0.9004739336492891,
    "precision": 0.9038461538461539,
    "recall": 0.9947089947089947,
    "f1_score": 0.947103274559194,
    "auc": 0.7210197210197209,
    "confusion_matrix": [
      [
        2,
        20
      ],
      [
        1,
        188
      ]
    ]
  },
  "SVM": {
    "accuracy": 0.4549763033175355,
    "precision": 1.0,
    "recall": 0.3915343915343915,
    "f1_score": 0.5627376425855514,
    "auc": 0.693121693121693,
    "confusion_matrix": [
      [
        22,
        0
      ],
      [
        115,
        74
      ]
    ]
  },
  "Random Forest": {
    "accuracy": 0.9052132701421801,
    "precision": 0.9043062200956937,
    "recall": 1.0,
    "f1_score": 0.949748743718593,
    "auc": 0.6705146705146705,
    "confusion_matrix": [
      [
        2,
        20
      ],
      [
        0,
        189
      ]
    ]
  }
}